coef,name
continuous,string
,meta
-32117.828149030713,intercept
950.0028534238498,Area
-23408.881947287246,bedrooms
39358.43229950626,baths
-477.8679839519409,age
7530.460197126845,occupancy
-563.9658669978809,pool=0
563.9658669978999,pool=1
2518.1404093215306,style
2094.0347352094495,fireplace=0
-2094.0347352094514,fireplace=1
-25789.503858617027,waterfront=0
25789.503858617023,waterfront=1
-21.982492857372563,dom
