Gender,Weight,Height
Female,68.68723219,173.1158126
Male,68.82933377,195.1620421
Male,66.39812838,170.2174512
Male,71.92934009,215.04966
Male,67.04290303,182.7214524
Female,63,136.4343931
Male,66.04544386,169.3262842
Female,66.75907054,150.8813297
Female,62.59864818,114.7668816
Male,63.59645542,144.5919224
